,64,512,1024
0,2.30625844002,2.30625844002,2.30625844002
1,2.29155039787,2.29155039787,2.29155039787
2,2.2790517807,2.2790517807,2.2790517807
3,2.25692796707,2.25692796707,2.25692796707
4,2.21943283081,2.21943283081,2.21943283081
5,2.15805721283,2.15805721283,2.15805721283
6,2.03444647789,2.03444647789,2.03444647789
7,1.72756171227,1.72756171227,1.72756171227
8,1.71798539162,1.71798539162,1.71798539162
9,2.56289625168,2.56289625168,2.56289625168
10,2.08396720886,2.08396720886,2.08396720886
11,1.94165754318,1.94165754318,1.94165754318
12,2.05979776382,2.05979776382,2.05979776382
13,2.08836054802,2.08836054802,2.08836054802
14,2.00457930565,2.00457930565,2.00457930565
15,1.84398460388,1.84398460388,1.84398460388
16,1.54127430916,1.54127430916,1.54127430916
17,1.27578282356,1.27578282356,1.27578282356
18,1.0395399332,1.0395399332,1.0395399332
19,0.980038523674,0.980038523674,0.980038523674
20,0.948266148567,0.948266148567,0.948266148567
21,0.89798283577,0.89798283577,0.89798283577
22,0.76386320591,0.76386320591,0.76386320591
23,0.66567581892,0.66567581892,0.66567581892
24,0.596028387547,0.596028387547,0.596028387547
25,0.639930665493,0.639930665493,0.639930665493
26,0.525441527367,0.525441527367,0.525441527367
27,0.516742110252,0.516742110252,0.516742110252
28,0.467319309711,0.467319309711,0.467319309711
29,0.399001657963,0.399001657963,0.399001657963
30,0.38296431303,0.38296431303,0.38296431303
31,0.432985901833,0.432985901833,0.432985901833
32,0.34976631403,0.34976631403,0.34976631403
33,0.366029292345,0.366029292345,0.366029292345
34,0.373124867678,0.373124867678,0.373124867678
35,0.346467614174,0.346467614174,0.346467614174
36,0.299708098173,0.299708098173,0.299708098173
37,0.285709679127,0.285709679127,0.285709679127
38,0.265924602747,0.265924602747,0.265924602747
39,0.224391683936,0.224391683936,0.224391683936
40,0.249709650874,0.249709650874,0.249709650874
41,0.258938163519,0.258938163519,0.258938163519
42,0.220651194453,0.220651194453,0.220651194453
43,0.251963376999,0.251963376999,0.251963376999
44,0.277253478765,0.277253478765,0.277253478765
45,0.255774408579,0.255774408579,0.255774408579
46,0.188642933965,0.188642933965,0.188642933965
47,0.214783936739,0.214783936739,0.214783936739
48,0.217899441719,0.217899441719,0.217899441719
49,0.182729244232,0.182729244232,0.182729244232
50,0.196877032518,0.196877032518,0.196877032518
51,0.165987610817,0.165987610817,0.165987610817
52,0.207124918699,0.207124918699,0.207124918699
53,0.204420998693,0.204420998693,0.204420998693
54,0.168049201369,0.168049201369,0.168049201369
55,0.22486114502,0.22486114502,0.22486114502
56,0.179045498371,0.179045498371,0.179045498371
57,0.200108647346,0.200108647346,0.200108647346
58,0.181783974171,0.181783974171,0.181783974171
59,0.1593785882,0.1593785882,0.1593785882
60,0.109113775194,0.109113775194,0.109113775194
61,0.182449147105,0.182449147105,0.182449147105
62,0.140181526542,0.140181526542,0.140181526542
63,0.134993001819,0.134993001819,0.134993001819
64,0.196329087019,0.196329087019,0.196329087019
65,0.12635448575,0.12635448575,0.12635448575
66,0.147383332253,0.147383332253,0.147383332253
67,0.141497850418,0.141497850418,0.141497850418
68,0.173809081316,0.173809081316,0.173809081316
69,0.17224752903,0.17224752903,0.17224752903
70,0.118371166289,0.118371166289,0.118371166289
71,0.129004269838,0.129004269838,0.129004269838
72,0.140755072236,0.140755072236,0.140755072236
73,0.141948744655,0.141948744655,0.141948744655
74,0.154875308275,0.154875308275,0.154875308275
75,0.111007928848,0.111007928848,0.111007928848
76,0.102033935487,0.102033935487,0.102033935487
77,0.132971853018,0.132971853018,0.132971853018
78,0.118093155324,0.118093155324,0.118093155324
79,0.125152900815,0.125152900815,0.125152900815
80,0.114694558084,0.114694558084,0.114694558084
81,0.118933819234,0.118933819234,0.118933819234
82,0.0877408981323,0.0877408981323,0.0877408981323
83,0.138097792864,0.138097792864,0.138097792864
84,0.124631650746,0.124631650746,0.124631650746
85,0.12107847631,0.12107847631,0.12107847631
86,0.127397865057,0.127397865057,0.127397865057
87,0.125957787037,0.125957787037,0.125957787037
88,0.0997749567032,0.0997749567032,0.0997749567032
89,0.133562847972,0.133562847972,0.133562847972
90,0.118255637586,0.118255637586,0.118255637586
91,0.119085550308,0.119085550308,0.119085550308
92,0.0811770409346,0.0811770409346,0.0811770409346
93,0.105129063129,0.105129063129,0.105129063129
94,0.106052868068,0.106052868068,0.106052868068
95,0.125960066915,0.125960066915,0.125960066915
96,0.108349151909,0.108349151909,0.108349151909
97,0.0834625288844,0.0834625288844,0.0834625288844
98,0.0884098038077,0.0884098038077,0.0884098038077
99,0.104096315801,0.104096315801,0.104096315801
100,0.116973236203,0.116973236203,0.116973236203
101,0.0783743336797,0.0783743336797,0.0783743336797
102,0.117196567357,0.117196567357,0.117196567357
103,0.101192057133,0.101192057133,0.101192057133
104,0.110689871013,0.110689871013,0.110689871013
105,0.105283454061,0.105283454061,0.105283454061
106,0.109093129635,0.109093129635,0.109093129635
107,0.0819887369871,0.0819887369871,0.0819887369871
108,0.0573584772646,0.0573584772646,0.0573584772646
109,0.116291485727,0.116291485727,0.116291485727
110,0.0868656486273,0.0868656486273,0.0868656486273
111,0.100149303675,0.100149303675,0.100149303675
112,0.0757138133049,0.0757138133049,0.0757138133049
113,0.116400659084,0.116400659084,0.116400659084
114,0.106432303786,0.106432303786,0.106432303786
115,0.05948824808,0.05948824808,0.05948824808
116,0.0822539925575,0.0822539925575,0.0822539925575
117,0.0649614930153,0.0649614930153,0.0649614930153
118,0.0597300902009,0.0597300902009,0.0597300902009
119,0.0826913788915,0.0826913788915,0.0826913788915
120,0.0792783200741,0.0792783200741,0.0792783200741
121,0.0762719362974,0.0762719362974,0.0762719362974
122,0.101508028805,0.101508028805,0.101508028805
123,0.0985238701105,0.0985238701105,0.0985238701105
124,0.0778453052044,0.0778453052044,0.0778453052044
125,0.103618487716,0.103618487716,0.103618487716
126,0.10489500314,0.10489500314,0.10489500314
127,0.0657901987433,0.0657901987433,0.0657901987433
128,0.0815220549703,0.0815220549703,0.0815220549703
129,0.102978385985,0.102978385985,0.102978385985
130,0.0694315433502,0.0694315433502,0.0694315433502
131,0.070753455162,0.070753455162,0.070753455162
132,0.0826907157898,0.0826907157898,0.0826907157898
133,0.105295166373,0.105295166373,0.105295166373
134,0.0694409459829,0.0694409459829,0.0694409459829
135,0.0610583871603,0.0610583871603,0.0610583871603
136,0.076960220933,0.076960220933,0.076960220933
137,0.0737891495228,0.0737891495228,0.0737891495228
138,0.0978024378419,0.0978024378419,0.0978024378419
139,0.0541873686016,0.0541873686016,0.0541873686016
140,0.0771742761135,0.0771742761135,0.0771742761135
141,0.105395570397,0.105395570397,0.105395570397
142,0.0767519176006,0.0767519176006,0.0767519176006
143,0.0673506036401,0.0673506036401,0.0673506036401
144,0.0884548872709,0.0884548872709,0.0884548872709
145,0.0669147595763,0.0669147595763,0.0669147595763
146,0.112178422511,0.112178422511,0.112178422511
147,0.075214587152,0.075214587152,0.075214587152
148,0.0686121359468,0.0686121359468,0.0686121359468
149,0.0658912062645,0.0658912062645,0.0658912062645
150,0.0685558542609,0.0685558542609,0.0685558542609
151,0.0885959938169,0.0885959938169,0.0885959938169
152,0.0711791962385,0.0711791962385,0.0711791962385
153,0.0683385431767,0.0683385431767,0.0683385431767
154,0.0522690787911,0.0522690787911,0.0522690787911
155,0.075849018991,0.075849018991,0.075849018991
156,0.0831723958254,0.0831723958254,0.0831723958254
157,0.0767078176141,0.0767078176141,0.0767078176141
158,0.0862828269601,0.0862828269601,0.0862828269601
159,0.0575207099319,0.0575207099319,0.0575207099319
160,0.0509318672121,0.0509318672121,0.0509318672121
161,0.0772648230195,0.0772648230195,0.0772648230195
162,0.0870681703091,0.0870681703091,0.0870681703091
163,0.0725249499083,0.0725249499083,0.0725249499083
164,0.0782237797976,0.0782237797976,0.0782237797976
165,0.088908046484,0.088908046484,0.088908046484
166,0.0750593170524,0.0750593170524,0.0750593170524
167,0.0745389685035,0.0745389685035,0.0745389685035
168,0.084879308939,0.084879308939,0.084879308939
169,0.0738829523325,0.0738829523325,0.0738829523325
170,0.0755096226931,0.0755096226931,0.0755096226931
171,0.098253890872,0.098253890872,0.098253890872
172,0.0832859277725,0.0832859277725,0.0832859277725
173,0.0808522924781,0.0808522924781,0.0808522924781
174,0.0763550549746,0.0763550549746,0.0763550549746
175,0.063115671277,0.063115671277,0.063115671277
176,0.0644849389791,0.0644849389791,0.0644849389791
177,0.0377402193844,0.0377402193844,0.0377402193844
178,0.0632245689631,0.0632245689631,0.0632245689631
179,0.0676187574863,0.0676187574863,0.0676187574863
180,0.0644585415721,0.0644585415721,0.0644585415721
181,0.055645827204,0.055645827204,0.055645827204
182,0.050027590245,0.050027590245,0.050027590245
183,0.0918775722384,0.0918775722384,0.0918775722384
184,0.0720867291093,0.0720867291093,0.0720867291093
185,0.0653077811003,0.0653077811003,0.0653077811003
186,0.0581730566919,0.0581730566919,0.0581730566919
187,0.0680873095989,0.0680873095989,0.0680873095989
188,0.0518594607711,0.0518594607711,0.0518594607711
189,0.0519562959671,0.0519562959671,0.0519562959671
190,0.07919049263,0.07919049263,0.07919049263
191,0.064107902348,0.064107902348,0.064107902348
192,0.0863403901458,0.0863403901458,0.0863403901458
193,0.0535141155124,0.0535141155124,0.0535141155124
194,0.0736577212811,0.0736577212811,0.0736577212811
195,0.0553246773779,0.0553246773779,0.0553246773779
196,0.0489583387971,0.0489583387971,0.0489583387971
197,0.0550142787397,0.0550142787397,0.0550142787397
198,0.0705046579242,0.0705046579242,0.0705046579242
199,0.0621892511845,0.0621892511845,0.0621892511845
200,0.0647800862789,0.0647800862789,0.0647800862789
201,0.0545371957123,0.0545371957123,0.0545371957123
202,0.0605777576566,0.0605777576566,0.0605777576566
203,0.0509147644043,0.0509147644043,0.0509147644043
204,0.0741953253746,0.0741953253746,0.0741953253746
205,0.0734340026975,0.0734340026975,0.0734340026975
206,0.0567347556353,0.0567347556353,0.0567347556353
207,0.0528364405036,0.0528364405036,0.0528364405036
208,0.0763527750969,0.0763527750969,0.0763527750969
209,0.0613197125494,0.0613197125494,0.0613197125494
210,0.0459521971643,0.0459521971643,0.0459521971643
211,0.0664066895843,0.0664066895843,0.0664066895843
212,0.0540611594915,0.0540611594915,0.0540611594915
213,0.0580864734948,0.0580864734948,0.0580864734948
214,0.0543926693499,0.0543926693499,0.0543926693499
215,0.0563735626638,0.0563735626638,0.0563735626638
216,0.0690201967955,0.0690201967955,0.0690201967955
217,0.0620527453721,0.0620527453721,0.0620527453721
218,0.0634265616536,0.0634265616536,0.0634265616536
219,0.0505064874887,0.0505064874887,0.0505064874887
220,0.0696187242866,0.0696187242866,0.0696187242866
221,0.0581564679742,0.0581564679742,0.0581564679742
222,0.0550316311419,0.0550316311419,0.0550316311419
223,0.0486165098846,0.0486165098846,0.0486165098846
224,0.0605664476752,0.0605664476752,0.0605664476752
225,0.0519660674036,0.0519660674036,0.0519660674036
226,0.0718117058277,0.0718117058277,0.0718117058277
227,0.0376515164971,0.0376515164971,0.0376515164971
228,0.0372073464096,0.0372073464096,0.0372073464096
229,0.0518764555454,0.0518764555454,0.0518764555454
230,0.0782863050699,0.0782863050699,0.0782863050699
231,0.0816486701369,0.0816486701369,0.0816486701369
232,0.0614906363189,0.0614906363189,0.0614906363189
233,0.0687852650881,0.0687852650881,0.0687852650881
234,0.0669693127275,0.0669693127275,0.0669693127275
235,0.0504323653877,0.0504323653877,0.0504323653877
236,0.0514804497361,0.0514804497361,0.0514804497361
237,0.0456436723471,0.0456436723471,0.0456436723471
238,0.0489438250661,0.0489438250661,0.0489438250661
239,0.0491612590849,0.0491612590849,0.0491612590849
240,0.0535103455186,0.0535103455186,0.0535103455186
241,0.0762804225087,0.0762804225087,0.0762804225087
242,0.0516770072281,0.0516770072281,0.0516770072281
243,0.0518460646272,0.0518460646272,0.0518460646272
244,0.0568325035274,0.0568325035274,0.0568325035274
245,0.064617626369,0.064617626369,0.064617626369
246,0.0599331147969,0.0599331147969,0.0599331147969
247,0.0634121671319,0.0634121671319,0.0634121671319
248,0.0396403409541,0.0396403409541,0.0396403409541
249,0.0652913674712,0.0652913674712,0.0652913674712
250,0.0426661893725,0.0426661893725,0.0426661893725
251,0.0583869814873,0.0583869814873,0.0583869814873
252,0.0696799382567,0.0696799382567,0.0696799382567
253,0.0494960360229,0.0494960360229,0.0494960360229
254,0.0447830036283,0.0447830036283,0.0447830036283
255,0.0564303398132,0.0564303398132,0.0564303398132
256,0.057327888906,0.057327888906,0.057327888906
257,0.0560635402799,0.0560635402799,0.0560635402799
258,0.0414714664221,0.0414714664221,0.0414714664221
259,0.0463440641761,0.0463440641761,0.0463440641761
260,0.0416583642364,0.0416583642364,0.0416583642364
261,0.034277074039,0.034277074039,0.034277074039
262,0.0600729212165,0.0600729212165,0.0600729212165
263,0.0477770678699,0.0477770678699,0.0477770678699
264,0.0322406888008,0.0322406888008,0.0322406888008
265,0.055954631418,0.055954631418,0.055954631418
266,0.0704562366009,0.0704562366009,0.0704562366009
267,0.0341256186366,0.0341256186366,0.0341256186366
268,0.0550901256502,0.0550901256502,0.0550901256502
269,0.0691568702459,0.0691568702459,0.0691568702459
270,0.0552321970463,0.0552321970463,0.0552321970463
271,0.0520212724805,0.0520212724805,0.0520212724805
272,0.0538751557469,0.0538751557469,0.0538751557469
273,0.0550170056522,0.0550170056522,0.0550170056522
274,0.0492241978645,0.0492241978645,0.0492241978645
275,0.0705058798194,0.0705058798194,0.0705058798194
276,0.0283361878246,0.0283361878246,0.0283361878246
277,0.0465842969716,0.0465842969716,0.0465842969716
278,0.0519311055541,0.0519311055541,0.0519311055541
279,0.0463712178171,0.0463712178171,0.0463712178171
280,0.0534507147968,0.0534507147968,0.0534507147968
281,0.0425104871392,0.0425104871392,0.0425104871392
282,0.0633461251855,0.0633461251855,0.0633461251855
283,0.0593647360802,0.0593647360802,0.0593647360802
284,0.0653432533145,0.0653432533145,0.0653432533145
285,0.0496405437589,0.0496405437589,0.0496405437589
286,0.0668852776289,0.0668852776289,0.0668852776289
287,0.0425212793052,0.0425212793052,0.0425212793052
288,0.0475285202265,0.0475285202265,0.0475285202265
289,0.0470502078533,0.0470502078533,0.0470502078533
290,0.0276533924043,0.0276533924043,0.0276533924043
291,0.0427907668054,0.0427907668054,0.0427907668054
292,0.038656052202,0.038656052202,0.038656052202
293,0.0574778094888,0.0574778094888,0.0574778094888
294,0.0667747184634,0.0667747184634,0.0667747184634
295,0.044787902385,0.044787902385,0.044787902385
296,0.0416595265269,0.0416595265269,0.0416595265269
297,0.0482703074813,0.0482703074813,0.0482703074813
298,0.0347348228097,0.0347348228097,0.0347348228097
299,0.0656876340508,0.0656876340508,0.0656876340508
300,0.0413868017495,0.0413868017495,0.0413868017495
301,0.0478016100824,0.0478016100824,0.0478016100824
302,0.0526834391057,0.0526834391057,0.0526834391057
303,0.0307441875339,0.0307441875339,0.0307441875339
304,0.0560802742839,0.0560802742839,0.0560802742839
305,0.0419224202633,0.0419224202633,0.0419224202633
306,0.047532401979,0.047532401979,0.047532401979
307,0.0496208928525,0.0496208928525,0.0496208928525
308,0.0542883686721,0.0542883686721,0.0542883686721
309,0.0486458875239,0.0486458875239,0.0486458875239
310,0.0362440384924,0.0362440384924,0.0362440384924
311,0.027347875759,0.027347875759,0.027347875759
312,0.0404975600541,0.0404975600541,0.0404975600541
313,0.0487555526197,0.0487555526197,0.0487555526197
314,0.0478327646852,0.0478327646852,0.0478327646852
315,0.0486302748322,0.0486302748322,0.0486302748322
316,0.0380343236029,0.0380343236029,0.0380343236029
317,0.0323163457215,0.0323163457215,0.0323163457215
318,0.0474591255188,0.0474591255188,0.0474591255188
319,0.0401120111346,0.0401120111346,0.0401120111346
320,0.0273494701833,0.0273494701833,0.0273494701833
321,0.0447645895183,0.0447645895183,0.0447645895183
322,0.0313727408648,0.0313727408648,0.0313727408648
323,0.0454490222037,0.0454490222037,0.0454490222037
324,0.0361955687404,0.0361955687404,0.0361955687404
325,0.054337952286,0.054337952286,0.054337952286
326,0.0571994520724,0.0571994520724,0.0571994520724
327,0.0372639708221,0.0372639708221,0.0372639708221
328,0.0758045464754,0.0758045464754,0.0758045464754
329,0.033629976213,0.033629976213,0.033629976213
330,0.0652658641338,0.0652658641338,0.0652658641338
331,0.042247608304,0.042247608304,0.042247608304
332,0.0409630276263,0.0409630276263,0.0409630276263
333,0.0235853753984,0.0235853753984,0.0235853753984
334,0.0652000308037,0.0652000308037,0.0652000308037
335,0.0658834502101,0.0658834502101,0.0658834502101
336,0.0387019105256,0.0387019105256,0.0387019105256
337,0.0459972210228,0.0459972210228,0.0459972210228
338,0.0506086312234,0.0506086312234,0.0506086312234
339,0.0278281252831,0.0278281252831,0.0278281252831
340,0.0523435808718,0.0523435808718,0.0523435808718
341,0.0423219278455,0.0423219278455,0.0423219278455
342,0.0340830385685,0.0340830385685,0.0340830385685
343,0.0274015255272,0.0274015255272,0.0274015255272
344,0.0471331514418,0.0471331514418,0.0471331514418
345,0.0461872331798,0.0461872331798,0.0461872331798
346,0.0308708623052,0.0308708623052,0.0308708623052
347,0.0520014427602,0.0520014427602,0.0520014427602
348,0.077164337039,0.077164337039,0.077164337039
349,0.0495849438012,0.0495849438012,0.0495849438012
350,0.0435215756297,0.0435215756297,0.0435215756297
351,0.0495376847684,0.0495376847684,0.0495376847684
352,0.0322153046727,0.0322153046727,0.0322153046727
353,0.0527505651116,0.0527505651116,0.0527505651116
354,0.0491859838367,0.0491859838367,0.0491859838367
355,0.0372554734349,0.0372554734349,0.0372554734349
356,0.0446333810687,0.0446333810687,0.0446333810687
357,0.0419978201389,0.0419978201389,0.0419978201389
358,0.0479377694428,0.0479377694428,0.0479377694428
359,0.0448402427137,0.0448402427137,0.0448402427137
360,0.0267190560699,0.0267190560699,0.0267190560699
361,0.0388334430754,0.0388334430754,0.0388334430754
362,0.0379866957664,0.0379866957664,0.0379866957664
363,0.0294790174812,0.0294790174812,0.0294790174812
364,0.0370773412287,0.0370773412287,0.0370773412287
365,0.0454711839557,0.0454711839557,0.0454711839557
366,0.0395794212818,0.0395794212818,0.0395794212818
367,0.0371320359409,0.0371320359409,0.0371320359409
368,0.0626103654504,0.0626103654504,0.0626103654504
369,0.0370800308883,0.0370800308883,0.0370800308883
370,0.0403345189989,0.0403345189989,0.0403345189989
371,0.0304355602711,0.0304355602711,0.0304355602711
372,0.0314196944237,0.0314196944237,0.0314196944237
373,0.0314707458019,0.0314707458019,0.0314707458019
374,0.0518877133727,0.0518877133727,0.0518877133727
375,0.0304121673107,0.0304121673107,0.0304121673107
376,0.0384841151536,0.0384841151536,0.0384841151536
377,0.0372543185949,0.0372543185949,0.0372543185949
378,0.0511505119503,0.0511505119503,0.0511505119503
379,0.0447291396558,0.0447291396558,0.0447291396558
380,0.0318973697722,0.0318973697722,0.0318973697722
381,0.0318088307977,0.0318088307977,0.0318088307977
382,0.0543974004686,0.0543974004686,0.0543974004686
383,0.039529774338,0.039529774338,0.039529774338
384,0.0311522353441,0.0311522353441,0.0311522353441
385,0.0378344170749,0.0378344170749,0.0378344170749
386,0.0327538922429,0.0327538922429,0.0327538922429
387,0.0584027841687,0.0584027841687,0.0584027841687
388,0.0286114551127,0.0286114551127,0.0286114551127
389,0.0305377542973,0.0305377542973,0.0305377542973
390,0.0358002409339,0.0358002409339,0.0358002409339
391,0.0451358184218,0.0451358184218,0.0451358184218
392,0.0326742492616,0.0326742492616,0.0326742492616
393,0.0350048243999,0.0350048243999,0.0350048243999
394,0.03443672508,0.03443672508,0.03443672508
395,0.0414678230882,0.0414678230882,0.0414678230882
396,0.0351950488985,0.0351950488985,0.0351950488985
397,0.0389606319368,0.0389606319368,0.0389606319368
398,0.0421877801418,0.0421877801418,0.0421877801418
399,0.0436639077961,0.0436639077961,0.0436639077961
400,0.0289814174175,0.0289814174175,0.0289814174175
401,0.0358111225069,0.0358111225069,0.0358111225069
402,0.0532936602831,0.0532936602831,0.0532936602831
403,0.0278084352612,0.0278084352612,0.0278084352612
404,0.0477517582476,0.0477517582476,0.0477517582476
405,0.056510284543,0.056510284543,0.056510284543
406,0.0349420495331,0.0349420495331,0.0349420495331
407,0.035268291831,0.035268291831,0.035268291831
408,0.0370222628117,0.0370222628117,0.0370222628117
409,0.0457091480494,0.0457091480494,0.0457091480494
410,0.034729257226,0.034729257226,0.034729257226
411,0.0318970307708,0.0318970307708,0.0318970307708
412,0.0322840996087,0.0322840996087,0.0322840996087
413,0.0372815988958,0.0372815988958,0.0372815988958
414,0.0377450548112,0.0377450548112,0.0377450548112
415,0.0618675239384,0.0618675239384,0.0618675239384
416,0.0503111071885,0.0503111071885,0.0503111071885
417,0.0384932644665,0.0384932644665,0.0384932644665
418,0.0412890613079,0.0412890613079,0.0412890613079
419,0.0457197651267,0.0457197651267,0.0457197651267
420,0.032473411411,0.032473411411,0.032473411411
421,0.0313719399273,0.0313719399273,0.0313719399273
422,0.0495966970921,0.0495966970921,0.0495966970921
423,0.0453857518733,0.0453857518733,0.0453857518733
424,0.0268188565969,0.0268188565969,0.0268188565969
425,0.033280223608,0.033280223608,0.033280223608
426,0.0363578721881,0.0363578721881,0.0363578721881
427,0.0527811795473,0.0527811795473,0.0527811795473
428,0.0187554322183,0.0187554322183,0.0187554322183
429,0.0332128442824,0.0332128442824,0.0332128442824
430,0.0435503385961,0.0435503385961,0.0435503385961
431,0.0366257987916,0.0366257987916,0.0366257987916
432,0.0479479469359,0.0479479469359,0.0479479469359
433,0.0270568002015,0.0270568002015,0.0270568002015
434,0.0662041902542,0.0662041902542,0.0662041902542
435,0.0420171990991,0.0420171990991,0.0420171990991
436,0.0392576269805,0.0392576269805,0.0392576269805
437,0.0436144918203,0.0436144918203,0.0436144918203
438,0.0347467139363,0.0347467139363,0.0347467139363
439,0.0386623889208,0.0386623889208,0.0386623889208
440,0.0315659791231,0.0315659791231,0.0315659791231
441,0.0340781211853,0.0340781211853,0.0340781211853
442,0.0409829542041,0.0409829542041,0.0409829542041
443,0.0329731330276,0.0329731330276,0.0329731330276
444,0.0491314604878,0.0491314604878,0.0491314604878
445,0.0369378253818,0.0369378253818,0.0369378253818
446,0.0307016093284,0.0307016093284,0.0307016093284
447,0.030789129436,0.030789129436,0.030789129436
448,0.0299403220415,0.0299403220415,0.0299403220415
449,0.0399610623717,0.0399610623717,0.0399610623717
450,0.038199018687,0.038199018687,0.038199018687
451,0.0464400500059,0.0464400500059,0.0464400500059
452,0.0288811083883,0.0288811083883,0.0288811083883
453,0.0405267290771,0.0405267290771,0.0405267290771
454,0.0288178902119,0.0288178902119,0.0288178902119
455,0.0416170693934,0.0416170693934,0.0416170693934
456,0.029307808727,0.029307808727,0.029307808727
457,0.0321233198047,0.0321233198047,0.0321233198047
458,0.0330995731056,0.0330995731056,0.0330995731056
459,0.0412641391158,0.0412641391158,0.0412641391158
460,0.0276060141623,0.0276060141623,0.0276060141623
461,0.0296911373734,0.0296911373734,0.0296911373734
462,0.0480308569968,0.0480308569968,0.0480308569968
463,0.031391132623,0.031391132623,0.031391132623
464,0.0381653234363,0.0381653234363,0.0381653234363
465,0.0268659926951,0.0268659926951,0.0268659926951
466,0.0440296009183,0.0440296009183,0.0440296009183
467,0.0477060452104,0.0477060452104,0.0477060452104
468,0.0198431890458,0.0198431890458,0.0198431890458
469,0.0343823432922,0.0343823432922,0.0343823432922
470,0.021523874253,0.021523874253,0.021523874253
471,0.0173764824867,0.0173764824867,0.0173764824867
472,0.0281217247248,0.0281217247248,0.0281217247248
473,0.0440995022655,0.0440995022655,0.0440995022655
474,0.0241922941059,0.0241922941059,0.0241922941059
475,0.0377317853272,0.0377317853272,0.0377317853272
476,0.0408148728311,0.0408148728311,0.0408148728311
477,0.0205190144479,0.0205190144479,0.0205190144479
478,0.0277947299182,0.0277947299182,0.0277947299182
479,0.0406188815832,0.0406188815832,0.0406188815832
480,0.0199618991464,0.0199618991464,0.0199618991464
481,0.0367701984942,0.0367701984942,0.0367701984942
482,0.0239591877908,0.0239591877908,0.0239591877908
483,0.0385725274682,0.0385725274682,0.0385725274682
484,0.0285220798105,0.0285220798105,0.0285220798105
485,0.0256736669689,0.0256736669689,0.0256736669689
486,0.034640558064,0.034640558064,0.034640558064
487,0.027608839795,0.027608839795,0.027608839795
488,0.0252541340888,0.0252541340888,0.0252541340888
489,0.0200062021613,0.0200062021613,0.0200062021613
490,0.0319455228746,0.0319455228746,0.0319455228746
491,0.0373456068337,0.0373456068337,0.0373456068337
492,0.0263889320195,0.0263889320195,0.0263889320195
493,0.0311915557832,0.0311915557832,0.0311915557832
494,0.019690381363,0.019690381363,0.019690381363
495,0.0599375702441,0.0599375702441,0.0599375702441
496,0.0297167673707,0.0297167673707,0.0297167673707
497,0.0525307543576,0.0525307543576,0.0525307543576
498,0.0417645163834,0.0417645163834,0.0417645163834
499,0.0323268398643,0.0323268398643,0.0323268398643
500,0.0188991427422,0.0188991427422,0.0188991427422
501,0.0381642989814,0.0381642989814,0.0381642989814
502,0.0492965057492,0.0492965057492,0.0492965057492
503,0.017551921308,0.017551921308,0.017551921308
504,0.0235497038811,0.0235497038811,0.0235497038811
505,0.0554391592741,0.0554391592741,0.0554391592741
506,0.0404037535191,0.0404037535191,0.0404037535191
507,0.0296592805535,0.0296592805535,0.0296592805535
508,0.0437590181828,0.0437590181828,0.0437590181828
509,0.0261302720755,0.0261302720755,0.0261302720755
510,0.0397272109985,0.0397272109985,0.0397272109985
511,0.0308017935604,0.0308017935604,0.0308017935604
512,0.03586371243,0.03586371243,0.03586371243
513,0.029342006892,0.029342006892,0.029342006892
514,0.0274361371994,0.0274361371994,0.0274361371994
515,0.0251008011401,0.0251008011401,0.0251008011401
516,0.0199950225651,0.0199950225651,0.0199950225651
517,0.0198897626251,0.0198897626251,0.0198897626251
518,0.0210433397442,0.0210433397442,0.0210433397442
519,0.0316471643746,0.0316471643746,0.0316471643746
520,0.0356590226293,0.0356590226293,0.0356590226293
521,0.0236644148827,0.0236644148827,0.0236644148827
522,0.0438974276185,0.0438974276185,0.0438974276185
523,0.0344830453396,0.0344830453396,0.0344830453396
524,0.0369473583996,0.0369473583996,0.0369473583996
525,0.04246442765,0.04246442765,0.04246442765
526,0.0244487039745,0.0244487039745,0.0244487039745
527,0.0226498600096,0.0226498600096,0.0226498600096
528,0.0484778285027,0.0484778285027,0.0484778285027
529,0.0419859066606,0.0419859066606,0.0419859066606
530,0.015762751922,0.015762751922,0.015762751922
531,0.0407953970134,0.0407953970134,0.0407953970134
532,0.0358468964696,0.0358468964696,0.0358468964696
533,0.0263468660414,0.0263468660414,0.0263468660414
534,0.0169854052365,0.0169854052365,0.0169854052365
535,0.0325544439256,0.0325544439256,0.0325544439256
536,0.0200698487461,0.0200698487461,0.0200698487461
537,0.0289563480765,0.0289563480765,0.0289563480765
538,0.0330184698105,0.0330184698105,0.0330184698105
539,0.0150799714029,0.0150799714029,0.0150799714029
540,0.036643948406,0.036643948406,0.036643948406
541,0.0196699909866,0.0196699909866,0.0196699909866
542,0.0403451174498,0.0403451174498,0.0403451174498
543,0.0260862428695,0.0260862428695,0.0260862428695
544,0.0280849970877,0.0280849970877,0.0280849970877
545,0.0341049768031,0.0341049768031,0.0341049768031
546,0.037686906755,0.037686906755,0.037686906755
547,0.0189947616309,0.0189947616309,0.0189947616309
548,0.0375341996551,0.0375341996551,0.0375341996551
549,0.0340658463538,0.0340658463538,0.0340658463538
550,0.0218722522259,0.0218722522259,0.0218722522259
551,0.0231835786253,0.0231835786253,0.0231835786253
552,0.0367713756859,0.0367713756859,0.0367713756859
553,0.0182586275041,0.0182586275041,0.0182586275041
554,0.0290250163525,0.0290250163525,0.0290250163525
555,0.0445437654853,0.0445437654853,0.0445437654853
556,0.0540359728038,0.0540359728038,0.0540359728038
557,0.0159635320306,0.0159635320306,0.0159635320306
558,0.0275218505412,0.0275218505412,0.0275218505412
559,0.0304510295391,0.0304510295391,0.0304510295391
560,0.0415486507118,0.0415486507118,0.0415486507118
561,0.0339212790132,0.0339212790132,0.0339212790132
562,0.0255249496549,0.0255249496549,0.0255249496549
563,0.0488739535213,0.0488739535213,0.0488739535213
564,0.0311131943017,0.0311131943017,0.0311131943017
565,0.024964209646,0.024964209646,0.024964209646
566,0.03667505458,0.03667505458,0.03667505458
567,0.0392644479871,0.0392644479871,0.0392644479871
568,0.0321192033589,0.0321192033589,0.0321192033589
569,0.0390365757048,0.0390365757048,0.0390365757048
570,0.0235284455121,0.0235284455121,0.0235284455121
571,0.0380329117179,0.0380329117179,0.0380329117179
572,0.0240327119827,0.0240327119827,0.0240327119827
573,0.0226616896689,0.0226616896689,0.0226616896689
574,0.0279615651816,0.0279615651816,0.0279615651816
575,0.0273592062294,0.0273592062294,0.0273592062294
576,0.0315857492387,0.0315857492387,0.0315857492387
577,0.0281816441566,0.0281816441566,0.0281816441566
578,0.0306903105229,0.0306903105229,0.0306903105229
579,0.0378508269787,0.0378508269787,0.0378508269787
580,0.0298621375114,0.0298621375114,0.0298621375114
581,0.0451238937676,0.0451238937676,0.0451238937676
582,0.032590650022,0.032590650022,0.032590650022
583,0.0311704054475,0.0311704054475,0.0311704054475
584,0.0241148751229,0.0241148751229,0.0241148751229
585,0.0286771357059,0.0286771357059,0.0286771357059
586,0.0230820812285,0.0230820812285,0.0230820812285
587,0.0273879133165,0.0273879133165,0.0273879133165
588,0.0322358496487,0.0322358496487,0.0322358496487
589,0.04046536237,0.04046536237,0.04046536237
590,0.0163866169751,0.0163866169751,0.0163866169751
591,0.0326267816126,0.0326267816126,0.0326267816126
592,0.0313637889922,0.0313637889922,0.0313637889922
593,0.0259247273207,0.0259247273207,0.0259247273207
594,0.03269938007,0.03269938007,0.03269938007
595,0.0299237091094,0.0299237091094,0.0299237091094
596,0.0263992138207,0.0263992138207,0.0263992138207
597,0.0332861579955,0.0332861579955,0.0332861579955
598,0.0340649150312,0.0340649150312,0.0340649150312
599,0.0234162379056,0.0234162379056,0.0234162379056
600,0.0397662296891,0.0397662296891,0.0397662296891
601,0.0346813388169,0.0346813388169,0.0346813388169
602,0.0304207559675,0.0304207559675,0.0304207559675
603,0.0287790969014,0.0287790969014,0.0287790969014
604,0.0468505583704,0.0468505583704,0.0468505583704
605,0.0234773475677,0.0234773475677,0.0234773475677
606,0.0306821148843,0.0306821148843,0.0306821148843
607,0.0378463864326,0.0378463864326,0.0378463864326
608,0.030308874324,0.030308874324,0.030308874324
609,0.0413932390511,0.0413932390511,0.0413932390511
610,0.0165387354791,0.0165387354791,0.0165387354791
611,0.0200607609004,0.0200607609004,0.0200607609004
612,0.0424294695258,0.0424294695258,0.0424294695258
613,0.0166449062526,0.0166449062526,0.0166449062526
614,0.021843502298,0.021843502298,0.021843502298
615,0.0175725482404,0.0175725482404,0.0175725482404
616,0.0324151404202,0.0324151404202,0.0324151404202
617,0.0347914397717,0.0347914397717,0.0347914397717
618,0.047256257385,0.047256257385,0.047256257385
619,0.0146008078009,0.0146008078009,0.0146008078009
620,0.036235243082,0.036235243082,0.036235243082
621,0.0213739927858,0.0213739927858,0.0213739927858
622,0.0218278393149,0.0218278393149,0.0218278393149
623,0.0243038330227,0.0243038330227,0.0243038330227
624,0.0343064665794,0.0343064665794,0.0343064665794
625,0.0276618003845,0.0276618003845,0.0276618003845
626,0.0241809599102,0.0241809599102,0.0241809599102
627,0.0287799909711,0.0287799909711,0.0287799909711
628,0.0247720144689,0.0247720144689,0.0247720144689
629,0.0260172728449,0.0260172728449,0.0260172728449
630,0.031087430194,0.031087430194,0.031087430194
631,0.0370523966849,0.0370523966849,0.0370523966849
632,0.0311782304198,0.0311782304198,0.0311782304198
633,0.0370550230145,0.0370550230145,0.0370550230145
634,0.0233439486474,0.0233439486474,0.0233439486474
635,0.0231390111148,0.0231390111148,0.0231390111148
636,0.0289437919855,0.0289437919855,0.0289437919855
637,0.0263313762844,0.0263313762844,0.0263313762844
638,0.0302706323564,0.0302706323564,0.0302706323564
639,0.0438228920102,0.0438228920102,0.0438228920102
640,0.0363673642278,0.0363673642278,0.0363673642278
641,0.0233054757118,0.0233054757118,0.0233054757118
642,0.0385616496205,0.0385616496205,0.0385616496205
643,0.0212747398764,0.0212747398764,0.0212747398764
644,0.0504554435611,0.0504554435611,0.0504554435611
645,0.0256490726024,0.0256490726024,0.0256490726024
646,0.0324537418783,0.0324537418783,0.0324537418783
647,0.0315653309226,0.0315653309226,0.0315653309226
648,0.0275835227221,0.0275835227221,0.0275835227221
649,0.0267298426479,0.0267298426479,0.0267298426479
650,0.0157618299127,0.0157618299127,0.0157618299127
651,0.0411457084119,0.0411457084119,0.0411457084119
652,0.0340803191066,0.0340803191066,0.0340803191066
653,0.0221489779651,0.0221489779651,0.0221489779651
654,0.0241169873625,0.0241169873625,0.0241169873625
655,0.0377751812339,0.0377751812339,0.0377751812339
656,0.0270380172879,0.0270380172879,0.0270380172879
657,0.0289256125689,0.0289256125689,0.0289256125689
658,0.0277340915054,0.0277340915054,0.0277340915054
659,0.0209952164441,0.0209952164441,0.0209952164441
660,0.0224668160081,0.0224668160081,0.0224668160081
661,0.026414193213,0.026414193213,0.026414193213
662,0.0226948726922,0.0226948726922,0.0226948726922
663,0.0362013727427,0.0362013727427,0.0362013727427
664,0.0236366745085,0.0236366745085,0.0236366745085
665,0.0270772520453,0.0270772520453,0.0270772520453
666,0.0201185997576,0.0201185997576,0.0201185997576
667,0.0290015153587,0.0290015153587,0.0290015153587
668,0.0233494695276,0.0233494695276,0.0233494695276
669,0.0287172421813,0.0287172421813,0.0287172421813
670,0.0271197166294,0.0271197166294,0.0271197166294
671,0.0206825733185,0.0206825733185,0.0206825733185
672,0.0320414416492,0.0320414416492,0.0320414416492
673,0.02262355946,0.02262355946,0.02262355946
674,0.0195183120668,0.0195183120668,0.0195183120668
675,0.0219387859106,0.0219387859106,0.0219387859106
676,0.0183790996671,0.0183790996671,0.0183790996671
677,0.029803071171,0.029803071171,0.029803071171
678,0.0259831603616,0.0259831603616,0.0259831603616
679,0.0233008898795,0.0233008898795,0.0233008898795
680,0.037060521543,0.037060521543,0.037060521543
681,0.0242121834308,0.0242121834308,0.0242121834308
682,0.038828831166,0.038828831166,0.038828831166
683,0.0334013849497,0.0334013849497,0.0334013849497
684,0.0366090722382,0.0366090722382,0.0366090722382
685,0.0331758782268,0.0331758782268,0.0331758782268
686,0.0413187295198,0.0413187295198,0.0413187295198
687,0.0581039749086,0.0581039749086,0.0581039749086
688,0.0367416143417,0.0367416143417,0.0367416143417
689,0.0362637937069,0.0362637937069,0.0362637937069
690,0.0178150590509,0.0178150590509,0.0178150590509
691,0.0294303633273,0.0294303633273,0.0294303633273
692,0.0230690445751,0.0230690445751,0.0230690445751
693,0.0351227074862,0.0351227074862,0.0351227074862
694,0.0231057163328,0.0231057163328,0.0231057163328
695,0.0373161360621,0.0373161360621,0.0373161360621
696,0.0305087268353,0.0305087268353,0.0305087268353
697,0.0306264087558,0.0306264087558,0.0306264087558
698,0.0460341125727,0.0460341125727,0.0460341125727
699,0.0508773960173,0.0508773960173,0.0508773960173
700,0.0177807938308,0.0177807938308,0.0177807938308
701,0.0193527694792,0.0193527694792,0.0193527694792
702,0.0217030290514,0.0217030290514,0.0217030290514
703,0.0309357289225,0.0309357289225,0.0309357289225
704,0.0216297097504,0.0216297097504,0.0216297097504
705,0.027522450313,0.027522450313,0.027522450313
706,0.0234173927456,0.0234173927456,0.0234173927456
707,0.0386945866048,0.0386945866048,0.0386945866048
708,0.0233171656728,0.0233171656728,0.0233171656728
709,0.0177623685449,0.0177623685449,0.0177623685449
710,0.0287201963365,0.0287201963365,0.0287201963365
711,0.0264732092619,0.0264732092619,0.0264732092619
712,0.0131194693968,0.0131194693968,0.0131194693968
713,0.0181754808873,0.0181754808873,0.0181754808873
714,0.0183466430753,0.0183466430753,0.0183466430753
715,0.0161143429577,0.0161143429577,0.0161143429577
716,0.0345264710486,0.0345264710486,0.0345264710486
717,0.0226739160717,0.0226739160717,0.0226739160717
718,0.0202764458954,0.0202764458954,0.0202764458954
719,0.0148333171383,0.0148333171383,0.0148333171383
720,0.0215415935963,0.0215415935963,0.0215415935963
721,0.0579179897904,0.0579179897904,0.0579179897904
722,0.0257373470813,0.0257373470813,0.0257373470813
723,0.0172055121511,0.0172055121511,0.0172055121511
724,0.0264159180224,0.0264159180224,0.0264159180224
725,0.0250080935657,0.0250080935657,0.0250080935657
726,0.0205176901072,0.0205176901072,0.0205176901072
727,0.0219297967851,0.0219297967851,0.0219297967851
728,0.0317296274006,0.0317296274006,0.0317296274006
729,0.0163078717887,0.0163078717887,0.0163078717887
730,0.0319358371198,0.0319358371198,0.0319358371198
731,0.0252373348922,0.0252373348922,0.0252373348922
732,0.0197950005531,0.0197950005531,0.0197950005531
733,0.0208456888795,0.0208456888795,0.0208456888795
734,0.0195397045463,0.0195397045463,0.0195397045463
735,0.029768358916,0.029768358916,0.029768358916
736,0.0247060824186,0.0247060824186,0.0247060824186
737,0.0311573948711,0.0311573948711,0.0311573948711
738,0.0160610191524,0.0160610191524,0.0160610191524
739,0.0155901610851,0.0155901610851,0.0155901610851
740,0.0164182595909,0.0164182595909,0.0164182595909
741,0.0260687638074,0.0260687638074,0.0260687638074
742,0.0131086278707,0.0131086278707,0.0131086278707
743,0.0261663980782,0.0261663980782,0.0261663980782
744,0.0330981016159,0.0330981016159,0.0330981016159
745,0.0222071558237,0.0222071558237,0.0222071558237
746,0.0276442840695,0.0276442840695,0.0276442840695
747,0.0292039066553,0.0292039066553,0.0292039066553
748,0.0158275719732,0.0158275719732,0.0158275719732
749,0.0266059096903,0.0266059096903,0.0266059096903
750,0.0412986837327,0.0412986837327,0.0412986837327
751,0.0244799256325,0.0244799256325,0.0244799256325
752,0.0191384032369,0.0191384032369,0.0191384032369
753,0.0318097285926,0.0318097285926,0.0318097285926
754,0.0348075889051,0.0348075889051,0.0348075889051
755,0.0332255139947,0.0332255139947,0.0332255139947
756,0.0288035012782,0.0288035012782,0.0288035012782
757,0.037694580853,0.037694580853,0.037694580853
758,0.0173703804612,0.0173703804612,0.0173703804612
759,0.0177394542843,0.0177394542843,0.0177394542843
760,0.0256829634309,0.0256829634309,0.0256829634309
761,0.0131974536926,0.0131974536926,0.0131974536926
762,0.0176892634481,0.0176892634481,0.0176892634481
763,0.0212672054768,0.0212672054768,0.0212672054768
764,0.0337910205126,0.0337910205126,0.0337910205126
765,0.0181668847799,0.0181668847799,0.0181668847799
766,0.0152551457286,0.0152551457286,0.0152551457286
767,0.0301586110145,0.0301586110145,0.0301586110145
768,0.0365297719836,0.0365297719836,0.0365297719836
769,0.0330243520439,0.0330243520439,0.0330243520439
770,0.0250822119415,0.0250822119415,0.0250822119415
771,0.0216446015984,0.0216446015984,0.0216446015984
772,0.0214997362345,0.0214997362345,0.0214997362345
773,0.0224517192692,0.0224517192692,0.0224517192692
774,0.038046721369,0.038046721369,0.038046721369
775,0.0189947932959,0.0189947932959,0.0189947932959
776,0.0212456639856,0.0212456639856,0.0212456639856
777,0.017457395792,0.017457395792,0.017457395792
778,0.0205809473991,0.0205809473991,0.0205809473991
779,0.0220723133534,0.0220723133534,0.0220723133534
780,0.0106146140024,0.0106146140024,0.0106146140024
781,0.0374753437936,0.0374753437936,0.0374753437936
782,0.0168765578419,0.0168765578419,0.0168765578419
783,0.0190132949501,0.0190132949501,0.0190132949501
784,0.0190010834485,0.0190010834485,0.0190010834485
785,0.0275714471936,0.0275714471936,0.0275714471936
786,0.0364036671817,0.0364036671817,0.0364036671817
787,0.0180966649204,0.0180966649204,0.0180966649204
788,0.0191668048501,0.0191668048501,0.0191668048501
789,0.0311114303768,0.0311114303768,0.0311114303768
790,0.0273473653942,0.0273473653942,0.0273473653942
791,0.0255483686924,0.0255483686924,0.0255483686924
792,0.0190034341067,0.0190034341067,0.0190034341067
793,0.0100364033133,0.0100364033133,0.0100364033133
794,0.0142627479509,0.0142627479509,0.0142627479509
795,0.0314349532127,0.0314349532127,0.0314349532127
796,0.0182533357292,0.0182533357292,0.0182533357292
797,0.0434754118323,0.0434754118323,0.0434754118323
798,0.0200060792267,0.0200060792267,0.0200060792267
799,0.0184907950461,0.0184907950461,0.0184907950461
800,0.0182780716568,0.0182780716568,0.0182780716568
801,0.0151254255325,0.0151254255325,0.0151254255325
802,0.016587369144,0.016587369144,0.016587369144
803,0.0345171093941,0.0345171093941,0.0345171093941
804,0.0303361788392,0.0303361788392,0.0303361788392
805,0.0314360670745,0.0314360670745,0.0314360670745
806,0.0278815366328,0.0278815366328,0.0278815366328
807,0.0191786289215,0.0191786289215,0.0191786289215
808,0.0155021771789,0.0155021771789,0.0155021771789
809,0.0402031093836,0.0402031093836,0.0402031093836
810,0.0270832832903,0.0270832832903,0.0270832832903
811,0.0425443947315,0.0425443947315,0.0425443947315
812,0.0202648155391,0.0202648155391,0.0202648155391
813,0.019891506061,0.019891506061,0.019891506061
814,0.0153925772756,0.0153925772756,0.0153925772756
815,0.0198003649712,0.0198003649712,0.0198003649712
816,0.0138036711141,0.0138036711141,0.0138036711141
817,0.0330808386207,0.0330808386207,0.0330808386207
818,0.0156815741211,0.0156815741211,0.0156815741211
819,0.0206953436136,0.0206953436136,0.0206953436136
820,0.0179872997105,0.0179872997105,0.0179872997105
821,0.0139118470252,0.0139118470252,0.0139118470252
822,0.0141453864053,0.0141453864053,0.0141453864053
823,0.0290903430432,0.0290903430432,0.0290903430432
824,0.0239526834339,0.0239526834339,0.0239526834339
825,0.022030454129,0.022030454129,0.022030454129
826,0.0121050374582,0.0121050374582,0.0121050374582
827,0.0232809651643,0.0232809651643,0.0232809651643
828,0.0369033366442,0.0369033366442,0.0369033366442
829,0.0227547325194,0.0227547325194,0.0227547325194
830,0.0256780218333,0.0256780218333,0.0256780218333
831,0.0136393923312,0.0136393923312,0.0136393923312
832,0.0209879968315,0.0209879968315,0.0209879968315
833,0.028766265139,0.028766265139,0.028766265139
834,0.0183634795249,0.0183634795249,0.0183634795249
835,0.0223371908069,0.0223371908069,0.0223371908069
836,0.0116230221465,0.0116230221465,0.0116230221465
837,0.0216859597713,0.0216859597713,0.0216859597713
838,0.0125204911456,0.0125204911456,0.0125204911456
839,0.0226073358208,0.0226073358208,0.0226073358208
840,0.0251638647169,0.0251638647169,0.0251638647169
841,0.0135535662994,0.0135535662994,0.0135535662994
842,0.0115687903017,0.0115687903017,0.0115687903017
843,0.0249076448381,0.0249076448381,0.0249076448381
844,0.0230835806578,0.0230835806578,0.0230835806578
845,0.0123620387167,0.0123620387167,0.0123620387167
846,0.0189397707582,0.0189397707582,0.0189397707582
847,0.0194001421332,0.0194001421332,0.0194001421332
848,0.0252123903483,0.0252123903483,0.0252123903483
849,0.0200670771301,0.0200670771301,0.0200670771301
850,0.0231692213565,0.0231692213565,0.0231692213565
851,0.0277540422976,0.0277540422976,0.0277540422976
852,0.0226739216596,0.0226739216596,0.0226739216596
853,0.0226047672331,0.0226047672331,0.0226047672331
854,0.0242714546621,0.0242714546621,0.0242714546621
855,0.0200455356389,0.0200455356389,0.0200455356389
856,0.0153906969354,0.0153906969354,0.0153906969354
857,0.0316319949925,0.0316319949925,0.0316319949925
858,0.0191273670644,0.0191273670644,0.0191273670644
859,0.0193124376237,0.0193124376237,0.0193124376237
860,0.0229497831315,0.0229497831315,0.0229497831315
861,0.0270723700523,0.0270723700523,0.0270723700523
862,0.0259955655783,0.0259955655783,0.0259955655783
863,0.0148649485782,0.0148649485782,0.0148649485782
864,0.0294648203999,0.0294648203999,0.0294648203999
865,0.0309719964862,0.0309719964862,0.0309719964862
866,0.0261022038758,0.0261022038758,0.0261022038758
867,0.0311569739133,0.0311569739133,0.0311569739133
868,0.0177339743823,0.0177339743823,0.0177339743823
869,0.0381870679557,0.0381870679557,0.0381870679557
870,0.014340207912,0.014340207912,0.014340207912
871,0.0205144118518,0.0205144118518,0.0205144118518
872,0.0209816452116,0.0209816452116,0.0209816452116
873,0.0113758798689,0.0113758798689,0.0113758798689
874,0.0211711768061,0.0211711768061,0.0211711768061
875,0.0187283996493,0.0187283996493,0.0187283996493
876,0.0222522094846,0.0222522094846,0.0222522094846
877,0.0176483411342,0.0176483411342,0.0176483411342
878,0.0144649194553,0.0144649194553,0.0144649194553
879,0.0304248258471,0.0304248258471,0.0304248258471
880,0.0197794344276,0.0197794344276,0.0197794344276
881,0.0275168400258,0.0275168400258,0.0275168400258
882,0.032429523766,0.032429523766,0.032429523766
883,0.0242849104106,0.0242849104106,0.0242849104106
884,0.0131379254162,0.0131379254162,0.0131379254162
885,0.0212424006313,0.0212424006313,0.0212424006313
886,0.0103856194764,0.0103856194764,0.0103856194764
887,0.0238263756037,0.0238263756037,0.0238263756037
888,0.0254549980164,0.0254549980164,0.0254549980164
889,0.0336642675102,0.0336642675102,0.0336642675102
890,0.0140836099163,0.0140836099163,0.0140836099163
891,0.0164358932525,0.0164358932525,0.0164358932525
892,0.027841752395,0.027841752395,0.027841752395
893,0.0283959768713,0.0283959768713,0.0283959768713
894,0.0170453544706,0.0170453544706,0.0170453544706
895,0.0161392558366,0.0161392558366,0.0161392558366
896,0.0307285208255,0.0307285208255,0.0307285208255
897,0.01792813465,0.01792813465,0.01792813465
898,0.0267871897668,0.0267871897668,0.0267871897668
899,0.0256000310183,0.0256000310183,0.0256000310183
900,0.0155344577506,0.0155344577506,0.0155344577506
901,0.0166369471699,0.0166369471699,0.0166369471699
902,0.025300161913,0.025300161913,0.025300161913
903,0.0173735972494,0.0173735972494,0.0173735972494
904,0.0214093439281,0.0214093439281,0.0214093439281
905,0.0114788310602,0.0114788310602,0.0114788310602
906,0.0270288586617,0.0270288586617,0.0270288586617
907,0.0380754172802,0.0380754172802,0.0380754172802
908,0.0165543556213,0.0165543556213,0.0165543556213
909,0.0210931748152,0.0210931748152,0.0210931748152
910,0.0135813234374,0.0135813234374,0.0135813234374
911,0.0213252194226,0.0213252194226,0.0213252194226
912,0.0237767975777,0.0237767975777,0.0237767975777
913,0.0224342551082,0.0224342551082,0.0224342551082
914,0.0136061152443,0.0136061152443,0.0136061152443
915,0.0240795537829,0.0240795537829,0.0240795537829
916,0.0118875522166,0.0118875522166,0.0118875522166
917,0.0156222973019,0.0156222973019,0.0156222973019
918,0.0103293536231,0.0103293536231,0.0103293536231
919,0.0268148556352,0.0268148556352,0.0268148556352
920,0.0170154385269,0.0170154385269,0.0170154385269
921,0.0257263872772,0.0257263872772,0.0257263872772
922,0.0154854562134,0.0154854562134,0.0154854562134
923,0.00996391382068,0.00996391382068,0.00996391382068
924,0.0286419112235,0.0286419112235,0.0286419112235
925,0.0250911097974,0.0250911097974,0.0250911097974
926,0.0183218792081,0.0183218792081,0.0183218792081
927,0.0208670664579,0.0208670664579,0.0208670664579
928,0.0204712618142,0.0204712618142,0.0204712618142
929,0.0119631877169,0.0119631877169,0.0119631877169
930,0.0177857652307,0.0177857652307,0.0177857652307
931,0.0341356173158,0.0341356173158,0.0341356173158
932,0.0346033461392,0.0346033461392,0.0346033461392
933,0.0193630252033,0.0193630252033,0.0193630252033
934,0.013970582746,0.013970582746,0.013970582746
935,0.0269378349185,0.0269378349185,0.0269378349185
936,0.0199609901756,0.0199609901756,0.0199609901756
937,0.014026934281,0.014026934281,0.014026934281
938,0.0185738708824,0.0185738708824,0.0185738708824
939,0.0245600435883,0.0245600435883,0.0245600435883
940,0.0176384821534,0.0176384821534,0.0176384821534
941,0.0120560312644,0.0120560312644,0.0120560312644
942,0.0274434592575,0.0274434592575,0.0274434592575
943,0.029113041237,0.029113041237,0.029113041237
944,0.0144694168121,0.0144694168121,0.0144694168121
945,0.0355305708945,0.0355305708945,0.0355305708945
946,0.0217999108136,0.0217999108136,0.0217999108136
947,0.0251230187714,0.0251230187714,0.0251230187714
948,0.0287974961102,0.0287974961102,0.0287974961102
949,0.0103636039421,0.0103636039421,0.0103636039421
950,0.0223025605083,0.0223025605083,0.0223025605083
951,0.0180594716221,0.0180594716221,0.0180594716221
952,0.0266428571194,0.0266428571194,0.0266428571194
953,0.0160826724023,0.0160826724023,0.0160826724023
954,0.0170491207391,0.0170491207391,0.0170491207391
955,0.0139727201313,0.0139727201313,0.0139727201313
956,0.0162728726864,0.0162728726864,0.0162728726864
957,0.0210836995393,0.0210836995393,0.0210836995393
958,0.0238053556532,0.0238053556532,0.0238053556532
959,0.0198830105364,0.0198830105364,0.0198830105364
960,0.012696181424,0.012696181424,0.012696181424
961,0.0242572631687,0.0242572631687,0.0242572631687
962,0.0137109486386,0.0137109486386,0.0137109486386
963,0.0127255916595,0.0127255916595,0.0127255916595
964,0.0248165167868,0.0248165167868,0.0248165167868
965,0.026655882597,0.026655882597,0.026655882597
966,0.0360454395413,0.0360454395413,0.0360454395413
967,0.0269806943834,0.0269806943834,0.0269806943834
968,0.0153735997155,0.0153735997155,0.0153735997155
969,0.0184026751667,0.0184026751667,0.0184026751667
970,0.014767607674,0.014767607674,0.014767607674
971,0.0199528355151,0.0199528355151,0.0199528355151
972,0.0255111251026,0.0255111251026,0.0255111251026
973,0.0154484948143,0.0154484948143,0.0154484948143
974,0.0178268738091,0.0178268738091,0.0178268738091
975,0.0309499073774,0.0309499073774,0.0309499073774
976,0.0204445458949,0.0204445458949,0.0204445458949
977,0.0187104977667,0.0187104977667,0.0187104977667
978,0.00755048869178,0.00755048869178,0.00755048869178
979,0.0176647529006,0.0176647529006,0.0176647529006
980,0.0391448177397,0.0391448177397,0.0391448177397
981,0.0221168287098,0.0221168287098,0.0221168287098
982,0.0355246514082,0.0355246514082,0.0355246514082
983,0.0111653562635,0.0111653562635,0.0111653562635
984,0.0175065025687,0.0175065025687,0.0175065025687
985,0.0168583542109,0.0168583542109,0.0168583542109
986,0.0185047052801,0.0185047052801,0.0185047052801
987,0.0287353750318,0.0287353750318,0.0287353750318
988,0.0137174353004,0.0137174353004,0.0137174353004
989,0.0203602779657,0.0203602779657,0.0203602779657
990,0.0287996884435,0.0287996884435,0.0287996884435
991,0.0138720478863,0.0138720478863,0.0138720478863
992,0.0234482549131,0.0234482549131,0.0234482549131
993,0.0234246589243,0.0234246589243,0.0234246589243
994,0.015229428187,0.015229428187,0.015229428187
995,0.032032776624,0.032032776624,0.032032776624
996,0.00976949930191,0.00976949930191,0.00976949930191
997,0.021081795916,0.021081795916,0.021081795916
998,0.0134516656399,0.0134516656399,0.0134516656399
999,0.0316111519933,0.0316111519933,0.0316111519933
1000,0.0227977056056,0.0227977056056,0.0227977056056
1001,0.00925277546048,0.00925277546048,0.00925277546048
1002,0.0120309414342,0.0120309414342,0.0120309414342
1003,0.0239806622267,0.0239806622267,0.0239806622267
1004,0.0146567318588,0.0146567318588,0.0146567318588
1005,0.0105462130159,0.0105462130159,0.0105462130159
1006,0.0170436576009,0.0170436576009,0.0170436576009
1007,0.0258552376181,0.0258552376181,0.0258552376181
1008,0.0154900243506,0.0154900243506,0.0154900243506
1009,0.0109385382384,0.0109385382384,0.0109385382384
1010,0.01877646707,0.01877646707,0.01877646707
1011,0.019114356488,0.019114356488,0.019114356488
1012,0.0280727744102,0.0280727744102,0.0280727744102
1013,0.01679315418,0.01679315418,0.01679315418
1014,0.0132491681725,0.0132491681725,0.0132491681725
1015,0.0268115624785,0.0268115624785,0.0268115624785
1016,0.010792423971,0.010792423971,0.010792423971
1017,0.0115103451535,0.0115103451535,0.0115103451535
1018,0.024830346927,0.024830346927,0.024830346927
1019,0.0206900909543,0.0206900909543,0.0206900909543
1020,0.0067944326438,0.0067944326438,0.0067944326438
1021,0.0208546333015,0.0208546333015,0.0208546333015
1022,0.0238424167037,0.0238424167037,0.0238424167037
1023,0.0182963665575,0.0182963665575,0.0182963665575
1024,0.00643003406003,0.00643003406003,0.00643003406003
1025,0.0298189353198,0.0298189353198,0.0298189353198
1026,0.0403137020767,0.0403137020767,0.0403137020767
1027,0.0202712416649,0.0202712416649,0.0202712416649
1028,0.0122785419226,0.0122785419226,0.0122785419226
1029,0.035308573395,0.035308573395,0.035308573395
1030,0.0216117296368,0.0216117296368,0.0216117296368
1031,0.0279245488346,0.0279245488346,0.0279245488346
1032,0.0179559607059,0.0179559607059,0.0179559607059
1033,0.0203028358519,0.0203028358519,0.0203028358519
1034,0.0206163581461,0.0206163581461,0.0206163581461
1035,0.0157375261188,0.0157375261188,0.0157375261188
1036,0.0207696184516,0.0207696184516,0.0207696184516
1037,0.0171922277659,0.0171922277659,0.0171922277659
1038,0.0141820907593,0.0141820907593,0.0141820907593
1039,0.0152064654976,0.0152064654976,0.0152064654976
1040,0.0174911934882,0.0174911934882,0.0174911934882
1041,0.0169300250709,0.0169300250709,0.0169300250709
1042,0.0114839999005,0.0114839999005,0.0114839999005
1043,0.0179264005274,0.0179264005274,0.0179264005274
1044,0.0265678372234,0.0265678372234,0.0265678372234
1045,0.0225647818297,0.0225647818297,0.0225647818297
1046,0.0219244863838,0.0219244863838,0.0219244863838
1047,0.0225990433246,0.0225990433246,0.0225990433246
1048,0.0246217921376,0.0246217921376,0.0246217921376
1049,0.0108942259103,0.0108942259103,0.0108942259103
1050,0.0151160806417,0.0151160806417,0.0151160806417
1051,0.0164201296866,0.0164201296866,0.0164201296866
1052,0.0129985352978,0.0129985352978,0.0129985352978
1053,0.0246579349041,0.0246579349041,0.0246579349041
1054,0.0269855335355,0.0269855335355,0.0269855335355
1055,0.0154730770737,0.0154730770737,0.0154730770737
1056,0.0179162882268,0.0179162882268,0.0179162882268
1057,0.0190165620297,0.0190165620297,0.0190165620297
1058,0.0157248135656,0.0157248135656,0.0157248135656
1059,0.0130869746208,0.0130869746208,0.0130869746208
1060,0.03273434937,0.03273434937,0.03273434937
1061,0.0144848041236,0.0144848041236,0.0144848041236
1062,0.0204882547259,0.0204882547259,0.0204882547259
1063,0.0112697072327,0.0112697072327,0.0112697072327
1064,0.0169448461384,0.0169448461384,0.0169448461384
1065,0.0117899635807,0.0117899635807,0.0117899635807
1066,0.0190598294139,0.0190598294139,0.0190598294139
1067,0.0126734981313,0.0126734981313,0.0126734981313
1068,0.0252924151719,0.0252924151719,0.0252924151719
1069,0.0221757013351,0.0221757013351,0.0221757013351
1070,0.0248731132597,0.0248731132597,0.0248731132597
1071,0.0135022643954,0.0135022643954,0.0135022643954
1072,0.0115094818175,0.0115094818175,0.0115094818175
1073,0.0245619732887,0.0245619732887,0.0245619732887
1074,0.0215334165841,0.0215334165841,0.0215334165841
1075,0.0147161623463,0.0147161623463,0.0147161623463
1076,0.0276890918612,0.0276890918612,0.0276890918612
1077,0.0163190159947,0.0163190159947,0.0163190159947
1078,0.0169226545841,0.0169226545841,0.0169226545841
1079,0.0164190940559,0.0164190940559,0.0164190940559
1080,0.0115692187101,0.0115692187101,0.0115692187101
1081,0.0180897414684,0.0180897414684,0.0180897414684
1082,0.00849916506559,0.00849916506559,0.00849916506559
1083,0.0129737406969,0.0129737406969,0.0129737406969
1084,0.0171922091395,0.0171922091395,0.0171922091395
1085,0.017572209239,0.017572209239,0.017572209239
1086,0.0382342748344,0.0382342748344,0.0382342748344
1087,0.0290702916682,0.0290702916682,0.0290702916682
1088,0.0088475048542,0.0088475048542,0.0088475048542
1089,0.0136702135205,0.0136702135205,0.0136702135205
1090,0.00729821529239,0.00729821529239,0.00729821529239
1091,0.0310788825154,0.0310788825154,0.0310788825154
1092,0.0161051023751,0.0161051023751,0.0161051023751
1093,0.0252883341163,0.0252883341163,0.0252883341163
1094,0.0259686615318,0.0259686615318,0.0259686615318
1095,0.020717959851,0.020717959851,0.020717959851
1096,0.0195039175451,0.0195039175451,0.0195039175451
1097,0.0128625482321,0.0128625482321,0.0128625482321
1098,0.0141291553155,0.0141291553155,0.0141291553155
1099,0.0154004301876,0.0154004301876,0.0154004301876
1100,0.00893542356789,0.00893542356789,0.00893542356789
1101,0.0370324328542,0.0370324328542,0.0370324328542
1102,0.00910555105656,0.00910555105656,0.00910555105656
1103,0.0200298260897,0.0200298260897,0.0200298260897
1104,0.0274145621806,0.0274145621806,0.0274145621806
1105,0.0127536114305,0.0127536114305,0.0127536114305
1106,0.0134415905923,0.0134415905923,0.0134415905923
1107,0.0140944076702,0.0140944076702,0.0140944076702
1108,0.0230145361274,0.0230145361274,0.0230145361274
1109,0.0166217386723,0.0166217386723,0.0166217386723
1110,0.0197545066476,0.0197545066476,0.0197545066476
1111,0.0138324247673,0.0138324247673,0.0138324247673
1112,0.012798788026,0.012798788026,0.012798788026
1113,0.0150960022584,0.0150960022584,0.0150960022584
1114,0.0133943418041,0.0133943418041,0.0133943418041
1115,0.0165784303099,0.0165784303099,0.0165784303099
1116,0.0231098756194,0.0231098756194,0.0231098756194
1117,0.0182027090341,0.0182027090341,0.0182027090341
1118,0.0137909771875,0.0137909771875,0.0137909771875
1119,0.0140823703259,0.0140823703259,0.0140823703259
1120,0.0238331686705,0.0238331686705,0.0238331686705
1121,0.0114391054958,0.0114391054958,0.0114391054958
1122,0.018292747438,0.018292747438,0.018292747438
1123,0.0158508382738,0.0158508382738,0.0158508382738
1124,0.0184500720352,0.0184500720352,0.0184500720352
1125,0.01213102974,0.01213102974,0.01213102974
1126,0.0135195385665,0.0135195385665,0.0135195385665
1127,0.0182165335864,0.0182165335864,0.0182165335864
1128,0.013228841126,0.013228841126,0.013228841126
1129,0.0191013533622,0.0191013533622,0.0191013533622
1130,0.0156334750354,0.0156334750354,0.0156334750354
1131,0.0247705280781,0.0247705280781,0.0247705280781
1132,0.0158227905631,0.0158227905631,0.0158227905631
1133,0.0118669290096,0.0118669290096,0.0118669290096
1134,0.00699271075428,0.00699271075428,0.00699271075428
1135,0.0131861818954,0.0131861818954,0.0131861818954
1136,0.028378913179,0.028378913179,0.028378913179
1137,0.0217254683375,0.0217254683375,0.0217254683375
1138,0.0240972153842,0.0240972153842,0.0240972153842
1139,0.0183186084032,0.0183186084032,0.0183186084032
1140,0.00922541506588,0.00922541506588,0.00922541506588
1141,0.0128316255286,0.0128316255286,0.0128316255286
1142,0.0192016121,0.0192016121,0.0192016121
1143,0.0170473288745,0.0170473288745,0.0170473288745
1144,0.0366973653436,0.0366973653436,0.0366973653436
1145,0.0131132155657,0.0131132155657,0.0131132155657
1146,0.0160800814629,0.0160800814629,0.0160800814629
1147,0.0175273511559,0.0175273511559,0.0175273511559
1148,0.00938549544662,0.00938549544662,0.00938549544662
1149,0.0131680546328,0.0131680546328,0.0131680546328
1150,0.0132645685226,0.0132645685226,0.0132645685226
1151,0.046772968024,0.046772968024,0.046772968024
1152,0.0192548409104,0.0192548409104,0.0192548409104
1153,0.0185265317559,0.0185265317559,0.0185265317559
1154,0.0127778211609,0.0127778211609,0.0127778211609
1155,0.0438180454075,0.0438180454075,0.0438180454075
1156,0.0187422391027,0.0187422391027,0.0187422391027
1157,0.0102785434574,0.0102785434574,0.0102785434574
1158,0.0200695320964,0.0200695320964,0.0200695320964
1159,0.0284597240388,0.0284597240388,0.0284597240388
1160,0.0170626770705,0.0170626770705,0.0170626770705
1161,0.0283922608942,0.0283922608942,0.0283922608942
1162,0.0246300380677,0.0246300380677,0.0246300380677
1163,0.0168071649969,0.0168071649969,0.0168071649969
1164,0.0151056842878,0.0151056842878,0.0151056842878
1165,0.00537545885891,0.00537545885891,0.00537545885891
1166,0.0252432543784,0.0252432543784,0.0252432543784
1167,0.0124520026147,0.0124520026147,0.0124520026147
1168,0.0212580896914,0.0212580896914,0.0212580896914
1169,0.0194736756384,0.0194736756384,0.0194736756384
1170,0.0228743255138,0.0228743255138,0.0228743255138
1171,0.00568125396967,0.00568125396967,0.00568125396967
1172,0.0182201303542,0.0182201303542,0.0182201303542
1173,0.0245143417269,0.0245143417269,0.0245143417269
1174,0.0122692855075,0.0122692855075,0.0122692855075
1175,0.00962226465344,0.00962226465344,0.00962226465344
1176,0.0118342675269,0.0118342675269,0.0118342675269
1177,0.0196899622679,0.0196899622679,0.0196899622679
1178,0.0120469955727,0.0120469955727,0.0120469955727
1179,0.0230070985854,0.0230070985854,0.0230070985854
